{"cameraMode":{"drawMode":0,"name":"Shaded","section":"Shading Mode"},"sceneLighting":true,"audioPlay":false,"sceneViewState":{"showFog":true,"showMaterialUpdate":false,"showSkybox":true,"showFlares":true,"showImageEffects":true,"showParticleSystems":true},"in2DMode":false,"pivot":{"x":-0.048663318157196048,"y":0.01408916711807251,"z":-0.08847105503082276},"rotation":{"x":-0.042089760303497317,"y":0.9177432656288147,"z":-0.10118406265974045,"w":-0.3817555606365204},"size":0.6073950529098511,"orthographic":false}