{"cameraMode":{"drawMode":0,"name":"Shaded","section":"Shading Mode"},"sceneLighting":true,"audioPlay":false,"sceneViewState":{"showFog":true,"showMaterialUpdate":false,"showSkybox":true,"showFlares":true,"showImageEffects":true,"showParticleSystems":true},"in2DMode":false,"pivot":{"x":1.503948450088501,"y":-1.2531719207763672,"z":-11.11985969543457},"rotation":{"x":0.007083025760948658,"y":0.9914596676826477,"z":-0.1150256097316742,"w":0.0610518679022789},"size":8.32936954498291,"orthographic":false}