{"cameraMode":{"drawMode":0,"name":"Shaded","section":"Shading Mode"},"sceneLighting":true,"audioPlay":false,"sceneViewState":{"showFog":true,"showMaterialUpdate":false,"showSkybox":true,"showFlares":true,"showImageEffects":true,"showParticleSystems":true},"in2DMode":false,"pivot":{"x":-82.17899322509766,"y":-13.774887084960938,"z":-58.971946716308597},"rotation":{"x":-0.04434361308813095,"y":0.8989493250846863,"z":-0.09365618228912354,"w":-0.4256252944469452},"size":88.77468872070313,"orthographic":false}